{"cameraMode":{"drawMode":0,"name":"Shaded","section":"Shading Mode"},"sceneLighting":true,"audioPlay":false,"sceneViewState":{"m_AlwaysRefresh":false,"showFog":true,"showSkybox":true,"showFlares":true,"showImageEffects":true,"showParticleSystems":true,"showVisualEffectGraphs":true,"m_FxEnabled":true},"in2DMode":false,"pivot":{"x":-0.7357417345046997,"y":3.8056774139404299,"z":10.517998695373536},"rotation":{"x":-0.01569484733045101,"y":-0.9212709069252014,"z":0.38712242245674136,"w":-0.03700946271419525},"size":3.1295392513275148,"orthographic":false}